,1,2,3,4,5,6,7,8,9,10
acceleratinght.org - backlinks,acceleratinght - 31% - 69,acceleratinght.org - 26% - 59,accelerating health technologies - 12% - 26,our model - 7% - 15,team of economists - 4% - 8,accelerated health technologies - 4% - 8,"""acceleratinght"" - 2% - 5",latest research - 2% - 4,https://www.acceleratinght.org/ - 1% - 3,http://www.acceleratinght.org - 1% - 3
acceleratinght.org - domains,acceleratinght - 34% - 52,acceleratinght.org - 34% - 52,accelerating health technologies - 11% - 17,"""acceleratinght"" - 3% - 5",https://www.acceleratinght.org/ - 2% - 3,latest research - 2% - 3,team of economists - 1% - 2,accelerated health technologies - 1% - 2,accelerating health technologies with incentive design - 1% - 2,visit the project website - 1% - 2
architectsforpeace.org - backlinks,architects for peace - 37% - 1197,nan - 31% - 1018,architectsforpeace - 8% - 247,http://www.architectsforpeace.org/ - 6% - 193,here - 5% - 175,architectsforpeace.org - 3% - 109,http://www.architectsforpeace.org/us.php - 1% - 48,mick pearce - 1% - 34,jury report - 0% - 16,architects for peace - australia - 0% - 16
architectsforpeace.org - domains,architectsforpeace.org - 30% - 89,architects for peace - 17% - 49,architectsforpeace - 12% - 34,mick pearce - 10% - 28,jury report - 5% - 14,nan - 4% - 13,http://www.architectsforpeace.org/ - 4% - 13,www.architectsforpeace.org - 4% - 12,architects for peace - australia - 3% - 10,http://www.architectsforpeace.org - 2% - 7
briardrescue.com - backlinks,briard rescue - 81% - 657,briardrescue.com - 8% - 64,briardrescue - 4% - 35,briard rescue and haven - 3% - 24,icon - external link visit website - 1% - 6,briard haven - 0% - 4,www.briardrescue.com - 0% - 4,http://www.briardrescue.com - 0% - 3,visit website - 0% - 2,http://briardrescue.com - 0% - 2
briardrescue.com - domains,briardrescue.com - 45% - 53,briardrescue - 27% - 32,briard rescue and haven - 10% - 12,http://briardrescue.com - 2% - 2,briard rescue - 2% - 2,www.briardrescue.com - 2% - 2,visit briardrescue.com for latest info - 2% - 2,visit website - 1% - 1,icon - external link visit website - 1% - 1,go to website - 1% - 1
businessstudynotes.com - backlinks,hrm - 8% - 299,businessstudynotes.com - 8% - 294,. - 5% - 189,http://www.businessstudynotes.com/finance/strategic-managment/how-to-prepare-the-internal-external-matrix/ - 4% - 129,businessstudynotes - 3% - 113,recruitment and selection process in hrm - 3% - 112,nan - 3% - 105,link - 3% - 95,reputations - 2% - 77,https://www.businessstudynotes.com - 2% - 64
businessstudynotes.com - domains,businessstudynotes.com - 8% - 130,link - 5% - 75,nan - 4% - 74,businessstudynotes - 4% - 67,http://www.businessstudynotes.com/finance/strategic-managment/how-to-prepare-the-internal-external-matrix/ - 3% - 57,recruitment and selection process in hrm - 3% - 55,http://www.businessstudynotes.com/ - 2% - 38,how to prepare the internal external matrix - 2% - 35,business studies - 2% - 34,https://www.businessstudynotes.com - 2% - 29
capiston.com - backlinks,capiston.com - 31% - 91,nan - 15% - 46,capiston - 14% - 41,links for capiston.com telegram @happygrannypies - 10% - 29,new blog - 4% - 11,101 best affiliate marketing website examples - capiston - 3% - 9,blog posts - 1% - 4,work-from-home - 1% - 4,start a blog - 1% - 4,your blog - 1% - 3
capiston.com - domains,capiston.com - 28% - 69,nan - 19% - 46,capiston - 16% - 40,links for capiston.com telegram @happygrannypies - 9% - 23,new blog - 3% - 8,101 best affiliate marketing website examples - capiston - 2% - 5,blog posts - 2% - 4,work-from-home - 2% - 4,start a blog - 2% - 4,your blog - 1% - 3
civicresource.com - backlinks,http://www.civicresource.com/ - 21% - 95,civic resource group - 17% - 77,civicresource.com - 14% - 64,sunline.org - 5% - 21,civicconnect - 4% - 18,civic resource group international - 2% - 11,internet civicresource.com - 2% - 10,plate-formes - 2% - 9,how the city of san diego created an app to resolve parking issues - 2% - 8,mobile/cloud/data platform - 2% - 7
civicresource.com - domains,civicresource.com - 40% - 53,civic resource group - 19% - 25,http://www.civicresource.com/ - 8% - 10,internet civicresource.com - 5% - 7,civicconnect - 4% - 5,nan - 4% - 5,how the city of san diego created an app to resolve parking issues - 3% - 4,http://www.civicresource.com - 3% - 4,http://civicresource.com/ - 3% - 4,www.civicresource.com - 2% - 3
creatingitfutures.org - backlinks,creating it futures - 23% - 1010,www.creatingitfutures.org - 8% - 342,creating it futures foundation - 8% - 341,creatingitfutures - 8% - 328,creatingitfutures.org - 6% - 249,nextup - 4% - 171,creating it futures] - 3% - 126,https://www.creatingitfutures.org/apply - 2% - 68,it-ready - 1% - 64,https://www.creatingitfutures.org/hire/hire-overview - 1% - 62
creatingitfutures.org - domains,creating it futures - 35% - 183,creatingitfutures.org - 20% - 105,creating it futures foundation - 12% - 64,creatingitfutures - 9% - 49,it-ready.org - 8% - 43,nan - 5% - 29,www.creatingitfutures.org - 5% - 28,it-ready - 4% - 22,nextup - 3% - 18,charles eaton - 3% - 18
dhcuration.org - backlinks,dh curation guide - 28% - 471,dhcuration - 17% - 297,guide - 14% - 232,dhcuration.org - 4% - 67,http://guide.dhcuration.org/intro/ - 3% - 45,focusing on preservation planning and meta-data - 2% - 42,http://guide.dhcuration.org/index.html - 2% - 41,digital humanities data curation institutes workshop: summer 2013 - 2% - 36,guide .dhcuration .org - 2% - 33,how to curate digital collections and aggregations | dh curation guide | content curation world | scoop.it - 2% - 31
dhcuration.org - domains,dhcuration.org - 21% - 57,dhcuration - 14% - 39,http://guide.dhcuration.org/intro/ - 11% - 31,dh curation guide - 9% - 25,http://www.dhcuration.org - 5% - 14,https://guide.dhcuration.org/contents/intro/ - 4% - 10,digital humanities curation guide - 3% - 9,digital humanities data curation - 3% - 9,focusing on preservation planning and meta-data - 3% - 8,http://guide.dhcuration.org/ - 2% - 6
diaryofasocalmama.com - backlinks,https://diaryofasocalmama.com/edible-finger-paint-kids/ - 12% - 245,diaryofasocalmama.com - 6% - 132,secret santa scratch cards {free printable} diary of a so cal mama - 6% - 130,nan - 4% - 81,10 best stores for trendy unique baby clothes online boutiques - 3% - 64,easy diy m&m costume for toddlers: easily adaptable for other sizes - diary of a so cal mama - 2% - 48,get more here!! - 2% - 44,amazon baby registry welcome box: how to claim your free box in 2020 - diary of a so cal mama - 2% - 42,diary of a so cal mama - 2% - 39,diy cookie monster costume baby & toddler {no sewing required} - diary of a so cal mama - 2% - 33
diaryofasocalmama.com - domains,diaryofasocalmama.com - 13% - 109,secret santa scratch cards {free printable} diary of a so cal mama - 6% - 53,nan - 6% - 53,https://diaryofasocalmama.com/edible-finger-paint-kids/ - 6% - 49,diary of a so cal mama - 5% - 39,easy diy m&m costume for toddlers: easily adaptable for other sizes - diary of a so cal mama - 4% - 31,10 best stores for trendy unique baby clothes online boutiques - 3% - 26,amazon baby registry welcome box: how to claim your free box in 2020 - diary of a so cal mama - 2% - 21,diy cookie monster costume baby & toddler {no sewing required} - diary of a so cal mama - 2% - 21,pom pom activities - 2% - 20
differentwrld.com - backlinks,different wrld - 17% - 106,differentwrld.com - 12% - 77,https://www.differentwrld.com/ - 9% - 59,"different wrld, - 8% - 50",nan - 8% - 47,view venue website - 5% - 30,differentwrld - 5% - 30,301] behringer xenyx q1202usb mixer | different wrld - 4% - 27,401] behringer hps3000 headphones | different wrld - 4% - 27,501] canon eos 60d dslr camera | different wrld - 3% - 20
differentwrld.com - domains,differentwrld.com - 20% - 65,different wrld - 17% - 55,"different wrld, - 13% - 41",differentwrld - 9% - 29,401] behringer hps3000 headphones | different wrld - 7% - 22,502] nikon d90 dslr camera kit | different wrld - 5% - 17,501] canon eos 60d dslr camera | different wrld - 5% - 16,301] behringer xenyx q1202usb mixer | different wrld - 4% - 13,202] marantz mpm-1000 microphone | different wrld - 3% - 9,https://www.differentwrld.com/ - 2% - 7
dramacollector.com - backlinks,fatboy sse marks 1st wedding anniversary with tiana renee kimbrough - 28% - 1544,fatboy sse wife tiana kimbrough renee boy collector dramacollector - 28% - 1540,bieber hailey collector - 10% - 545,justin bieber and hailey bieber celebrate their 1-year wedding anniversary - drama collector - 10% - 545,details - 5% - 281,dramacollector.com - 3% - 148,unveiling the enchanting fashion world of tiana kimbrough on instagram - 3% - 146,nan - 1% - 29,https://dramacollector.com - 1% - 28,kwaylon rogers misleads his fans and followers with his latest - 0% - 20
dramacollector.com - domains,fatboy sse marks 1st wedding anniversary with tiana renee kimbrough - 64% - 1396,fatboy sse wife tiana kimbrough renee boy collector dramacollector - 64% - 1392,bieber hailey collector - 22% - 479,justin bieber and hailey bieber celebrate their 1-year wedding anniversary - drama collector - 22% - 479,details - 8% - 180,unveiling the enchanting fashion world of tiana kimbrough on instagram - 6% - 125,dramacollector.com - 4% - 94,nan - 1% - 27,kwaylon rogers misleads his fans and followers with his latest - 1% - 16,how much is alex hgh andersen net worth in 2021 after - 1% - 16
dynamicsofvirtualwork.com - backlinks,http://dynamicsofvirtualwork.com/wg3/ - 14% - 74,dynamicsofvirtualwork.com - 11% - 61,http://dynamicsofvirtualwork.com/ - 10% - 55,http://dynamicsofvirtualwork.com/wp-content/uploads/2015/08/cost-action-is1202-working-paper-6.pdf - 6% - 33,http://dynamicsofvirtualwork.com - 5% - 28,dynamics of virtual work - 4% - 22,5th meeting of action cost is1202 working groups - 3% - 19,dynamics of virtual work (cost action is1202) - 3% - 16,dynamique du travail virtuel - 2% - 13,gh-is1202-1 - 2% - 13
dynamicsofvirtualwork.com - domains,dynamicsofvirtualwork.com - 28% - 52,http://dynamicsofvirtualwork.com/wg3/ - 12% - 23,http://dynamicsofvirtualwork.com/ - 7% - 12,http://dynamicsofvirtualwork.com - 7% - 12,dynamics of virtual work - 7% - 12,here - 3% - 6,dynamique du travail virtuel - 2% - 4,http://dynamicsofvirtualwork.com/wp-content/uploads/2014/09/programme-peniche-30-5-15.pdf - 2% - 4,http://dynamicsofvirtualwork.com/wp-content/uploads/2013/03/cost-action-is1202-working-paper-12.pdf - 2% - 3,√† l‚Äô√©tude (.pdf) - 1% - 2
essentialstuff.org - backlinks,essentialstuff - 18% - 304,essentialstuff.org - 13% - 221,"essentialstuff.org april 28, 2014 - 5% - 86",http://essentialstuff.org/index.php/201 ... s-at-home/ - 3% - 52,basic organic chemistry of fats ¬´ the essentialist - 3% - 50,homemade cleaning supplies - the essentialist - 2% - 33,"essentialstuff.org, april 28, 2014 - 2% - 26",the essentialist - 1% - 20,using soaked flour in recipes - essentialstuff.org - 1% - 19,"""sxusem: indian ice cream ¬´ the essentialist"" - 1% - 16"
essentialstuff.org - domains,essentialstuff.org - 26% - 111,homemade cleaning supplies - the essentialist - 5% - 23,"essentialstuff.org april 28, 2014 - 5% - 22","""sxusem: indian ice cream ¬´ the essentialist"" - 3% - 14","""sxusem: indian ice cream"" - 3% - 14",pdf enema procedure detail - 2% - 10,nan - 2% - 8,... access doc - 2% - 8,http://essentialstuff.org/index.php/2012/06/09/cat/curing-meats-at-home/comment-page-1/ - 2% - 7,using soaked flour in recipes - essentialstuff.org - 2% - 7
evolutionpsychology.com - backlinks,http://www.evolutionpsychology.com/5-physical-attractiveness-facial-beauty.html - 49% - 202,evolutionpsychology.com - 18% - 76,if you don't have access to springer - 14% - 57,evolutionpsychology - 6% - 25,www.evolutionpsychology.com - 1% - 5,tamas bereczkei - 1% - 4,gabor hejnal - 1% - 4,http://www.evolutionpsychology.com - 1% - 4,own web page - 1% - 3,saj√°t honlap (angol) - 1% - 3
evolutionpsychology.com - domains,evolutionpsychology.com - 49% - 57,evolutionpsychology - 21% - 25,http://www.evolutionpsychology.com/5-physical-attractiveness-facial-beauty.html - 6% - 7,tamas bereczkei - 3% - 4,gabor hejnal - 3% - 4,http://www.evolutionpsychology.com/homogamy1.pdf - 2% - 2,evolutionary psychology research group of p√©cs (eprgp) - 2% - 2,http://www.evolutionpsychology.com/links.html - 2% - 2,http://www.evolutionpsychology.com - 2% - 2,http://www.evolutionpsychology.com/birkaacutes-beacutela.html - 2% - 2
finsnation.com - backlinks,finsnation.com - 34% - 126,finsnation - 13% - 50,fins nation - 7% - 26,nan - 5% - 20,http://www.finsnation.com/fins_nation/2010/10/special-reamed.html - 4% - 14,mvn - 3% - 11,http://www.finsnation.com/fins_nation/2012/05/dolphins-draft-rundown-part-1.html - 2% - 6,http://www.finsnation.com/ - 1% - 5,www.finsnation.com - 1% - 5,http://www.finsnation.com/fins_nati...weekly-all-22-breakdown-raiders-dolphins.html - 1% - 5
finsnation.com - domains,finsnation.com - 38% - 64,finsnation - 26% - 43,fins nation - 11% - 18,nan - 8% - 13,http://www.finsnation.com/fins_nation/2010/10/special-reamed.html - 3% - 5,http://www.finsnation.com/ - 2% - 4,http://finsnation.com/ - 2% - 3,www.finsnation.com - 1% - 2,http://www.finsnation.com/fins_nation/2012/05/dolphins-draft-rundown-part-1.html - 1% - 2,http://www.finsnation.com/fins_nati...weekly-all-22-breakdown-raiders-dolphins.html - 1% - 2
globalmagazinepulse.com - backlinks,globalmagazinepulse.com - 55% - 147,https://globalmagazinepulse.com/ - 5% - 14,meldadel mugshot - 1% - 3,technologies - 1% - 2,utilize high-quality images - 1% - 2,unique blend - 1% - 2,specific topics - 1% - 2,tuning musical - 1% - 2,cultural heritage - 1% - 2,mechanical switches - 1% - 2
globalmagazinepulse.com - domains,globalmagazinepulse.com - 68% - 66,meldadel mugshot - 2% - 2,bom scrubbing - 1% - 1,youtube - 1% - 1,location - 1% - 1,charges - 1% - 1,wiz_87e430 - 1% - 1,data management - 1% - 1,designed - 1% - 1,several key differences - 1% - 1
gsfaccelerator.com - backlinks,nan - 36% - 114,gsfaccelerator.com - 24% - 77,gsf accelerator - 8% - 24,website - 5% - 15,here - 4% - 12,gsfaccelerator.com/ - 3% - 10,visit website - 3% - 8,https://gsfaccelerator.com/ - 2% - 6,gsf - 1% - 4,gsf india - 1% - 3
gsfaccelerator.com - domains,gsfaccelerator.com - 47% - 64,gsf accelerator - 10% - 14,nan - 6% - 8,visit website - 6% - 8,website - 4% - 6,https://gsfaccelerator.com/ - 4% - 5,gsf - 3% - 4,gsfaccelerator.com/ - 2% - 3,here - 2% - 3,http://www.gsfaccelerator.com - 2% - 3
heretohere.org - backlinks,here to here - 53% - 509,heretohere.org - 6% - 59,nan - 6% - 55,https://www.heretohere.org - 3% - 25,has found - 2% - 16,home - 1% - 12,aqu√≠ a aqu√≠ - 1% - 10,these - 1% - 8,materials - 1% - 8,such - 1% - 8
heretohere.org - domains,here to here - 31% - 69,heretohere.org - 23% - 51,has found - 7% - 15,nan - 4% - 9,https://www.heretohere.org/ - 3% - 6,heretohere - 3% - 6,http://www.heretohere.org - 3% - 6,www.heretohere.org - 2% - 5,report - 2% - 5,here to here. - 2% - 5
heylovedesigns.com - backlinks,heylovedesigns - 22% - 278,heylovedesigns.com - 17% - 217,michelle - 11% - 137,hey love designs - 6% - 80,michelle @ hey love designs - 4% - 54,top 10 best bubble machine reviews 2024 - 3% - 44,top 17 best all natural laundry detergent reviews in 2022 - 3% - 38,details - 1% - 18,nan - 1% - 16,www.heylovedesigns.com - 1% - 12
heylovedesigns.com - domains,heylovedesigns.com - 32% - 181,michelle - 11% - 62,hey love designs - 6% - 33,michelle @ hey love designs - 5% - 31,details - 3% - 17,heylovedesigns - 3% - 15,nan - 2% - 9,hey love designs ‚Üó - 1% - 6,top best cotton percale sheets to buy in 2024 hey love designs top best cotton percale sheets to buy in 2024 hey love designs - 1% - 6,https://heylovedesigns.com/ - 1% - 5
huntnews360.com - backlinks,huntnews360.com - 17% - 68,https://huntnews360.com/ - 14% - 56,technical - 11% - 43,this is a great place to go on a fishing vacation - 4% - 17,nan - 4% - 15,hightech time measure the ultimate precision instruments huntnews360 - 1% - 5,topics - 1% - 3,unique - 1% - 2,content - 1% - 2,joinmyquiz-com - 1% - 2
huntnews360.com - domains,huntnews360.com - 59% - 61,nan - 11% - 11,hightech time measure the ultimate precision instruments huntnews360 - 5% - 5,content - 2% - 2,joinmyquiz-com - 2% - 2,join - 2% - 2,topics - 2% - 2,https://huntnews360.com/ - 2% - 2,visit huntnews360.com for latest info - 2% - 2,movies - 1% - 1
hushhushsociety.com - backlinks,website - 22% - 205,www.hushhushsociety.com - 18% - 171,view website - 17% - 158,https://www.criminaldefenselawyerbostonma.com - 8% - 77,hushhushsociety.com - 6% - 57,nan - 4% - 40,criminaldefenselawyerbostonma.com - 3% - 33,www.hushhushsociety.com/ - 2% - 20,www.criminaldefenselawyerbostonma.com - 2% - 20,criminal defense attorney - 1% - 14
hushhushsociety.com - domains,hushhushsociety.com - 24% - 49,criminaldefenselawyerbostonma.com - 11% - 22,website - 9% - 19,www.hushhushsociety.com - 7% - 15,www.criminaldefenselawyerbostonma.com - 7% - 14,criminal defense attorney - 6% - 13,nan - 5% - 10,https://www.hushhushsociety.com/ - 5% - 10,"""boston's criminal defense attorney - keegan law"" - 4% - 9",https://www.criminaldefenselawyerbostonma.com - 3% - 7
iconperk.com - backlinks,iconperk - 41% - 402,iconperk free license - 37% - 361,iconperk.com - 14% - 132,nan - 3% - 28,visit website - 1% - 12,browse more icons. - 1% - 5,here - 0% - 4,landicons - 0% - 3,we found 3 hidden steps that quickly boosted iconperk.com‚Äôs ranking on seoflox.com. - 0% - 2,darius dan. - 0% - 2
iconperk.com - domains,iconperk.com - 58% - 85,iconperk - 27% - 39,visit website - 5% - 8,nan - 3% - 5,landicons - 1% - 2,visit iconperk.com for latest info - 1% - 2,here - 1% - 1,browse icons - 1% - 1,browse more icons. - 1% - 1,https://www.iconperk.com - 1% - 1
infiniteio.com - backlinks,infiniteio.com - 35% - 71,infinite io - 12% - 25,infinite-io.com - 12% - 25,visit website - 5% - 10,www.infiniteio.com - 3% - 6,infiniteio - 3% - 6,nan - 3% - 6,infiniteio.com/ - 2% - 5,infinite io website - 1% - 3,here - 1% - 2
infiniteio.com - domains,infiniteio.com - 55% - 61,infinite-io.com - 23% - 25,infinite io - 13% - 14,visit website - 7% - 8,www.infiniteio.com - 3% - 3,nan - 3% - 3,infiniteio.com/ - 2% - 2,http://infiniteio.com - 2% - 2,infinite.io - 2% - 2,infinite io website - 2% - 2
jobgraze.com - backlinks,jobgraze.com - 19% - 96,https://jobgraze.com/ - 17% - 85,freelance healthcare jobs - 8% - 42,healthcare jobs - 8% - 41,professionals - 8% - 39,hire healthcare contractors - 8% - 39,employers - 8% - 39,students - 8% - 39,visit website - 3% - 15,hire medical contractors - 1% - 7
jobgraze.com - domains,jobgraze.com - 53% - 79,https://jobgraze.com/ - 48% - 72,freelance healthcare jobs - 21% - 32,healthcare jobs - 21% - 31,professionals - 20% - 30,hire healthcare contractors - 20% - 30,employers - 20% - 30,students - 20% - 30,nan - 3% - 5,job graze - 3% - 5
lapq.org - backlinks,los angeles percussion quartet - 37% - 110,lapq.org - 28% - 83,lapq - 13% - 38,http://www.lapq.org - 3% - 10,lapq.org/next-wave - 3% - 8,beyond - 2% - 6,artist website - 2% - 6,see here for more information - 2% - 5,los angeles percussion quartet (lapq) - 1% - 3,go to los angeles percussion quartet's website - 1% - 3
lapq.org - domains,lapq.org - 37% - 55,los angeles percussion quartet - 26% - 38,lapq - 21% - 31,beyond - 3% - 4,artist website - 2% - 3,los angeles percussion quartet (lapq) - 2% - 3,https://www.lapq.org/ - 1% - 2,go to los angeles percussion quartet's website - 1% - 2,visit lapq.org for latest info - 1% - 2,la percussion quartet - 1% - 1
laterbro.com - backlinks,laterbro - 39% - 729,laterbro.com - 14% - 265,http://laterbro.com/ - 12% - 220,later bro - 10% - 191,http://laterbro.com - 4% - 70,79348. laterbro.com - 3% - 65,www.laterbro.com - 2% - 42,ƒë√¢y - 2% - 33,click here - 1% - 17,nan - 1% - 16
laterbro.com - domains,laterbro - 34% - 269,later bro - 15% - 122,laterbro.com - 15% - 119,http://laterbro.com/ - 9% - 69,79348. laterbro.com - 5% - 41,http://laterbro.com - 3% - 22,www.laterbro.com - 3% - 20,nan - 2% - 13,click here - 1% - 11,http://laterbro.com/messages/ - 1% - 9
loyalestudio.com - backlinks,loyalestudio.com - 36% - 68,loyale studio - 10% - 19,recipe | moon mist ice cream - loyale studio - 10% - 18,loyale - 6% - 12,nan - 3% - 5,balon168 link resmi situs slot online pgsoft mahjong ways maxwin hari ini - 2% - 4,http://www.loyalestudio.com - 2% - 3,digest20off - 2% - 3,www.loyalestudio.com - 1% - 2,linens for good - 1% - 2
loyalestudio.com - domains,loyalestudio.com - 47% - 58,recipe | moon mist ice cream - loyale studio - 15% - 18,loyale studio - 13% - 16,loyale - 7% - 9,nan - 3% - 4,digest20off - 2% - 3,http://www.loyalestudio.com - 2% - 2,balon168 link resmi situs slot online pgsoft mahjong ways maxwin hari ini - 2% - 2,linens for good - 2% - 2,here - 2% - 2
milesovermountains.com - backlinks,milesovermountains - 53% - 300,www.milesovermountains.com - 18% - 102,milesovermountains.com - 11% - 65,miles over mountains - 8% - 45,nan - 3% - 17,www.milesovermountains.com/ - 2% - 10,band website - 1% - 6,miles over mountains duo - 1% - 3,picture - 0% - 2,miles over mountains (mom) - 0% - 2
milesovermountains.com - domains,milesovermountains.com - 40% - 54,milesovermountains - 27% - 36,miles over mountains - 15% - 20,www.milesovermountains.com - 6% - 8,nan - 4% - 6,www.milesovermountains.com/ - 1% - 2,http://www.milesovermountains.com/ - 1% - 2,miles over mountains [cd release] - 1% - 1,miles over mountain - 1% - 1,band website - 1% - 1
mrvcollective.org - backlinks,mrv collective - 26% - 64,mrvcollective.org - 25% - 62,mrv collective logo - 22% - 55,https://www.mrvcollective.org - 8% - 20,website - 4% - 11,nan - 3% - 7,https://www.mrvcollective.org/ - 3% - 7,mrvcollective - 1% - 3,mrv collective (mrvc) - 1% - 2,one backlink type skyrocketed mrvcollective.org‚Äîlearn which on seoflox.com. - 1% - 2
mrvcollective.org - domains,mrvcollective.org - 55% - 54,mrv collective - 19% - 19,mrv collective logo - 7% - 7,nan - 7% - 7,https://www.mrvcollective.org/ - 2% - 2,visit mrvcollective.org for latest info - 2% - 2,mrv collective (mrvc) - 1% - 1,https://mrvcollective.org - 1% - 1,affiliate member of the nature tech collective affiliate member of the nature tech collective - 1% - 1,one backlink type skyrocketed mrvcollective.org‚Äîlearn which on seoflox.com. - 1% - 1
mygardeninsider.com - backlinks,mygardeninsider.com - 23% - 85,mygardeninsider - 15% - 56,https://www.mygardeninsider.com/the-gar ... owder-blue - 8% - 30,lady bell bell peppers - 7% - 28,ruby ring variety - 5% - 17,photo - 4% - 15,nan - 3% - 10,my garden insider - 2% - 8,silver bush - 2% - 6,basil plant - 1% - 5
mygardeninsider.com - domains,mygardeninsider.com - 33% - 71,mygardeninsider - 21% - 46,my garden insider - 3% - 7,nan - 2% - 5,12 - 1% - 2,ruby ring variety - 1% - 2,red aglaonema (aglaonema species) | my garden insider - 1% - 2,cherry tomato 'sweet 100' (lycopersicon esculentum) | my garden insider - 1% - 2,silver bush - 1% - 2,visit mygardeninsider.com for latest info - 1% - 2
mymediaproject.org - backlinks,mymediaproject.org - 42% - 103,ns1.mymediaproject.org - 18% - 44,ns2.mymediaproject.org - 17% - 43,nan - 4% - 9,http://www.mymediaproject.org/ - 3% - 7,dynamic personalization of multimedia (mymedia) - 2% - 6,http://www.mymediaproject.org/default.aspx - 2% - 5,http://www.mymediaproject.org/deliverables.aspx - 1% - 3,mymedia - 1% - 3,https://mymediaproject.org - 1% - 3
mymediaproject.org - domains,mymediaproject.org - 72% - 75,ns2.mymediaproject.org - 41% - 43,ns1.mymediaproject.org - 41% - 43,http://www.mymediaproject.org/default.aspx - 4% - 4,nan - 3% - 3,mymedia - 3% - 3,http://www.mymediaproject.org/publications/wp1/mymedia_d1.5.pdf - 2% - 2,www.mymediaproject.org - 2% - 2,http://www.mymediaproject.org/ - 2% - 2,visit mymediaproject.org for latest info - 2% - 2
natashasfoodadventures.com - backlinks,nan - 20% - 161,natashasfoodadventures.com - 15% - 120,what to serve with manchego cheese (9 ideas) natasha #39 s food adventures - 5% - 38,fruity pebbles bars - 3% - 22,skrewball whiskey milkshake recipe - natasha's food adventures - 2% - 15,simple chicken teriyaki pineapple bowls | natasha's food adventures - 2% - 14,the tropical hideaway at disneyland | natasha's food adventures - 2% - 14,skrewball whiskey milkshake recipe | natasha's food adventures - 2% - 14,ultimate sweet & savory cheeseboard - 2% - 13,cherry tomato caprese salad with balsamic glaze - 2% - 12
natashasfoodadventures.com - domains,nan - 20% - 92,natashasfoodadventures.com - 18% - 85,fruity pebbles bars - 4% - 19,skrewball whiskey milkshake recipe - natasha's food adventures - 3% - 12,the tropical hideaway at disneyland | natasha's food adventures - 2% - 11,simple chicken teriyaki pineapple bowls | natasha's food adventures - 2% - 9,skrewball whiskey milkshake recipe | natasha's food adventures - 2% - 9,we're having a baby | natasha's food adventures - 2% - 8,easy cap'n crunch french toast recipe | natasha's food adventures - 2% - 7,fruity pebbles crispy cereal treat bars - easy no bake recipe - 1% - 6
nextgenjournal.com - backlinks,why every social media manager should be under 25 - 11% - 411,nextgen journal - 10% - 385,nextgenjournal - 9% - 352,nan - 7% - 278,dear nextgen: a rebuttal from the social media old folks - 7% - 269,defended - 7% - 269,one of many articles - 6% - 220,didn‚Äôt do well - 2% - 88,nextgenjournal.com - 2% - 70,66058. nextgenjournal.com - 2% - 65
nextgenjournal.com - domains,why every social media manager should be under 25 - 12% - 64,nextgenjournal.com - 12% - 62,nextgenjournal - 11% - 58,66058. nextgenjournal.com - 7% - 39,nextgen journal - 7% - 36,cathryn sloane - 2% - 10,r/atheism's war on islam is garnering media attention - 2% - 10,won 48% - 2% - 9,next gen journal - 1% - 7,here - 1% - 7
northernlightexposure.com - backlinks,northernlightexposure - 75% - 366,northernlightexposure.com - 21% - 102,northern light exposure - 1% - 6,website - 1% - 5,a little-known link source gave northernlightexposure.com a big edge‚Äîsee seoflox.com. - 0% - 2,official homepage - 0% - 1,offizielle homepage - 0% - 1,http:// www.northernlightexposure.c om/ - 0% - 1,"higher, faster, easier ranks for northernlightexposure.com ‚Äì explore v3 at exlinko.com. - 0% - 1",http://www.northernlightexposure.com - 0% - 1
northernlightexposure.com - domains,northernlightexposure.com - 66% - 79,northernlightexposure - 24% - 28,northern light exposure - 3% - 4,website - 2% - 2,official homepage - 1% - 1,offizielle homepage - 1% - 1,a little-known link source gave northernlightexposure.com a big edge‚Äîsee seoflox.com. - 1% - 1,http:// www.northernlightexposure.c om/ - 1% - 1,"higher, faster, easier ranks for northernlightexposure.com ‚Äì explore v3 at exlinko.com. - 1% - 1",http://www.northernlightexposure.com - 1% - 1
oldtownbusiness.org - backlinks,here - 37% - 993,walkable warehouse sale - 36% - 975,oldtownbusiness.org - 5% - 147,oldtowncocktailweek.com - 3% - 71,old town business association - 2% - 41,dog days of summer at hummingbird bar and kitchen - 1% - 34,old town cocktail week - 1% - 25,alexandria boutique warehouse sale - 1% - 25,participating boutiques - 1% - 25,old town business - 1% - 16
oldtownbusiness.org - domains,oldtownbusiness.org - 38% - 75,oldtowncocktailweek.com - 24% - 47,alexandriawarehousesale.com - 6% - 11,old town cocktail week - 6% - 11,old town business association - 6% - 11,old town business - 5% - 9,www.oldtownbusiness.org - 4% - 8,here - 4% - 8,www.alexandriawarehousesale.com - 3% - 6,oldtownbusiness - 3% - 6
oneeightdistilling.com - backlinks,one eight distilling - 48% - 835,oneeightdistilling - 8% - 142,oneeightdistilling.com - 8% - 139,http://www.oneeightdistilling.com - 3% - 55,nan - 2% - 36,district made vodka - 1% - 26,one eight distillings ivy city gin - 1% - 26,ivy city gin - 1% - 25,www.oneeightdistilling.com - 1% - 25,one eight - 1% - 23
oneeightdistilling.com - domains,one eight distilling - 49% - 221,oneeightdistilling.com - 17% - 77,oneeightdistilling - 8% - 37,one eight - 4% - 16,nan - 3% - 15,one eight distillery - 3% - 13,http://www.oneeightdistilling.com - 3% - 12,district made barrel rested ivy city gin - 2% - 9,www.oneeightdistilling.com - 2% - 9,ivy city gin - 2% - 7
orisintel.com - backlinks,orisintel - 27% - 257,products - 14% - 132,skip to content - 14% - 132,orisintel.com - 8% - 73,webprowler.com - 5% - 50,oris intelligence - 5% - 46,poke! - 4% - 39,webprowler - 3% - 30,https://www.orisintel.com/about-us/join-us/ - 3% - 25,nan - 3% - 24
orisintel.com - domains,orisintel.com - 24% - 56,webprowler.com - 19% - 46,orisintel - 11% - 25,poke! - 11% - 25,webprowler - 10% - 23,oris intelligence - 9% - 21,https://www.orisintel.com/ - 5% - 11,products - 5% - 11,skip to content - 5% - 11,www.orisintel.com - 4% - 9
osians.com - backlinks,osians - 54% - 1089,nan - 5% - 103,osians.com - 3% - 67,185382. osians.com - 3% - 53,www.osians.com - 2% - 33,‡§ï‡§¨‡•Ç‡§§‡§∞ - 1% - 30,‡§Æ‡•ã‡§π‡§®‡§¶‡§æ‡§∏ - 1% - 30,osian‚Äôs - 1% - 25,the original - 1% - 24,"osian‚Äôs-cinefan film festival (ocff), india - 1% - 23"
osians.com - domains,osians.com - 17% - 56,osians - 15% - 47,185382. osians.com - 10% - 31,www.osians.com - 7% - 23,"""osians-the auction house"" - 5% - 16",the original - 5% - 15,http://cinefan.osians.com/ - 3% - 11,nan - 3% - 10,"""osian's"" - 3% - 9","""9th osian cinefan, festival of asian & arab cinema"" - 3% - 9"
otsys.com - backlinks,matt ginsberg's cluer database - 80% - 3739,otsys - 6% - 285,otsys.com - 4% - 171,www.otsys.com - 2% - 105,on time systems inc. - 1% - 36,nan - 1% - 33,my free clue database - 1% - 24,matt ginsberg - 0% - 21,on time systems - 0% - 21,available for free - 0% - 21
otsys.com - domains,otsys.com - 43% - 115,otsys - 14% - 37,www.otsys.com - 7% - 19,nan - 6% - 16,on time systems - 3% - 9,https://www.otsys.com/vicces-munkav%c3%a9delmi-aj%c3%a1nd%c3%a9k-k.html - 3% - 9,clue database - 3% - 7,https://www.otsys.com/3d-nyomtat%c3%a1s-a-fog%c3%a1szatban-mr-radio-musor-archivum-k.html - 3% - 7,matt ginsberg - 1% - 4,"on time systems, inc. - 1% - 4"
pandaset.org - backlinks,pandaset - 53% - 153,pandaset.org - 28% - 80,https://pandaset.org/ - 8% - 23,https://pandaset.org - 2% - 7,project-page - 1% - 3,here - 1% - 2,we turned pandaset.org‚Äôs low traffic around in one week on seoflox.com. - 1% - 2,collected - 1% - 2,visit pandaset.org for latest info - 1% - 2,pandaset by hesai and scale https://pandaset.org/ - 1% - 2
pandaset.org - domains,pandaset.org - 60% - 78,pandaset - 23% - 30,https://pandaset.org/ - 7% - 9,project-page - 2% - 3,https://pandaset.org - 2% - 3,here - 2% - 2,visit pandaset.org for latest info - 2% - 2,official webpage - 1% - 1,ÂÖ¨Âºè - 1% - 1,„Ç™„É™„Ç∏„Éä„É´„Éá„Éº„Çø„Çª„ÉÉ„ÉàÊèê‰æõÂÖÉ - 1% - 1
paseogateway.com - backlinks,paseogateway.com - 47% - 80,paseogateway - 19% - 32,paseo gateway - 7% - 12,choice neighborhood initiative: paseo gateway - 3% - 5,chouteau courts - 3% - 5,nan - 2% - 3,here - 2% - 3,www.paseogateway.com - 1% - 2,visit page - 1% - 2,discover the key metric that jumped paseogateway.com above the crowd on seoflox.com. - 1% - 2
paseogateway.com - domains,paseogateway.com - 55% - 67,paseogateway - 26% - 32,paseo gateway - 6% - 7,nan - 2% - 2,the paseo gateway project - 1% - 1,http://www.paseogateway.com/neighborhood/ - 1% - 1,paseo gateway project - 1% - 1,"to learn more about the paseo gateway, please click here to visit the paseo gateway website. - 1% - 1",https://paseogateway.com/housing/rose-hill-townhomes/ - 1% - 1,choice initiative - 1% - 1
pptmagic.com - backlinks,pptmagic.com - 16% - 62,here - 6% - 23,"the incredible, accessible presentation - 4% - 16",dynamic powerpoint - 3% - 13,www.pptmagic.com - 3% - 13,powerpoint magic - 3% - 12,http://www.pptmagic.com/ - 3% - 12,creating 3d transitions in powerpoint on the cheap - 3% - 11,glenn shaw - 3% - 11,cinderella project - 3% - 11
pptmagic.com - domains,pptmagic.com - 44% - 54,"the incredible, accessible presentation - 11% - 13","adding captions, annotations and/or subtitles - 8% - 10",powerpoint magic - 4% - 5,http://www.pptmagic.com/articles/pptvideo.htm - 2% - 3,http://www.pptmagic.com/projectmgm.htm - 2% - 3,the powerpoint magician - 2% - 3,presentation magic - 2% - 3,nan - 2% - 3,http://www.pptmagic.com/ - 2% - 3
purelydecadent.com - backlinks,coconut milk by so delicious - 38% - 807,$1.00/1 printable coupon - 13% - 277,-$1.00/1 so delicious printable coupon - 11% - 243,purelydecadent.com - 3% - 62,so delicious - 3% - 59,here is the info about the so delicious milk - 2% - 41,you can now buy a commercial version - 2% - 35,nan - 1% - 31,purely decadent - 1% - 23,coconut milk ice cream - 1% - 20
purelydecadent.com - domains,purelydecadent.com - 18% - 54,purely decadent - 5% - 14,coconut milk ice cream - 4% - 11,turtle mountain - 4% - 11,http://www.purelydecadent.com - 4% - 11,so delicious coconut milk beverage - 3% - 10,nan - 3% - 10,so delicious - 3% - 10,here - 3% - 9,$1.00/1 so delicious milk printable - 3% - 8
reacttimes.org - backlinks,https://reacttimes.org/grace-charis-leaks-what-you-need-to-know/ - 28% - 179,grace charis leaks: what you need to know - 18% - 112,reacttimes.org - 14% - 86,details - 11% - 69,https://reacttimes.org/ - 7% - 44,grace charis leaks what you need to know grace charis leaks what you need to know - 7% - 43,https://reacttimes.org/a-fresh-start-reb ... - 1% - 8,https://reacttimes.org/exploring-the-beauty-of-utopiaguide-long-island/ - 1% - 6,https://reacttimes.org/the-ultimate-guid ... - 1% - 6,https://reacttimes.org/everything-you-need-to-know-about-https-fintechasia-net/ - 1% - 6
reacttimes.org - domains,reacttimes.org - 38% - 66,details - 24% - 43,grace charis leaks: what you need to know - 16% - 28,grace charis leaks what you need to know grace charis leaks what you need to know - 13% - 23,https://reacttimes.org/ - 5% - 8,https://reacttimes.org/grace-charis-leaks-what-you-need-to-know/ - 3% - 5,https://reacttimes.org/category/news/ - 2% - 3,https://reacttimes.org/exploring-the-beauty-of-utopiaguide-long-island/ - 2% - 3,react times - 1% - 2,lead in to lingo - 1% - 2
rnapartners.com - backlinks,http://www.rnapartners.com - 73% - 946,http://www.rnapartners.com/ - 7% - 94,rnapartners.com - 5% - 63,rnapartners - 2% - 30,www.rnapartners.com - 1% - 16,visit website - 1% - 13,internet rnapartners.com - 1% - 10,http://www.rnapartners.com/>**** - 1% - 8,best jobs in orlando - 1% - 8,nan - 1% - 7
rnapartners.com - domains,rnapartners.com - 36% - 59,rnapartners - 18% - 29,best jobs in orlando - 5% - 8,internet rnapartners.com - 4% - 7,best jobs in maine - 4% - 7,http://www.rnapartners.com - 2% - 4,best jobs in florida - 2% - 4,best jobs in tampa - 2% - 4,www.rnapartners.com - 2% - 3,nan - 2% - 3
runwithmaud.com - backlinks,runwithmaud - 49% - 1562,runwithmaud.com - 8% - 258,run with maud - 6% - 189,justice for ahmaud arbery - 5% - 175,ahmaud arbery - 5% - 148,https://www.runwithmaud.com/ - 3% - 107,thumbnail runwithmaud.com - 1% - 46,üåµ(educate) run with maud - 1% - 41,according to - 1% - 39,nan - 1% - 30
runwithmaud.com - domains,runwithmaud.com - 14% - 123,run with maud - 14% - 118,runwithmaud - 8% - 67,ahmaud arbery - 7% - 62,https://www.runwithmaud.com/ - 7% - 56,justice for ahmaud arbery - 6% - 55,üåµ(educate) run with maud - 5% - 41,justice for ahmaud - 3% - 23,www.runwithmaud.com - 3% - 22,nan - 2% - 20
smartherd.com - backlinks,smartherd.com - 44% - 145,nan - 21% - 68,https://www.smartherd.com/ - 5% - 16,how to create android app icons using image asset studio - smartherd - 3% - 10,smartherd - 2% - 8,https://www.smartherd.com - 2% - 8,jquery mask plugin for masking form inputs - smartherd - 2% - 6,access specifiers in java | access modifiers - smartherd - 2% - 6,convert text case using jquery without css | change cases - 2% - 5,abstract class and method in java smartherd - 2% - 5
smartherd.com - domains,smartherd.com - 53% - 104,nan - 10% - 20,https://www.smartherd.com/ - 6% - 12,smartherd - 4% - 7,jquery mask plugin for masking form inputs - smartherd - 3% - 5,how to create android app icons using image asset studio - smartherd - 3% - 5,convert text case using jquery without css | change cases - 3% - 5,access specifiers in java | access modifiers - smartherd - 2% - 3,https://www.smartherd.com/create-android-app-icons-using-image-asset-studio/ - 1% - 2,9.1 getter and setter in dart - smartherd - 1% - 2
solargardens.org - backlinks,solar gardens community power - 66% - 3873,solar gardens - 21% - 1208,solargardens - 4% - 258,solargardens.org - 1% - 76,solar gardens institute - 1% - 76,solar garden institute - 1% - 57,blog - 0% - 29,solar garden - 0% - 13,joy hughes - 0% - 11,http://www.solargardens.org/ - 0% - 9
solargardens.org - domains,solargardens.org - 25% - 68,blog - 11% - 29,solar gardens - 10% - 28,solar gardens institute - 10% - 27,solargardens - 10% - 26,requires utilities to support locally owned renewable energy projects - 3% - 9,http://www.solargardens.org/ - 3% - 8,blog.solargardens.org - 3% - 8,established ‚Äúcommunity solar gardens‚Äù and obligated utilities to buy power from them - 3% - 8,solar garden - 3% - 7
spectrumpolicy.org - backlinks,wireless futures - 56% - 418,nan - 24% - 178,spectrumpolicy.org - 8% - 62,new america foundation - 2% - 17,www.spectrumpolicy.org - 2% - 13,wireless futures program - 1% - 11,wireless future program - 1% - 7,wireless future program) - moderator - 1% - 5,11 benefits to hiring a quality house cleaning services - 1% - 5,new america foundation: spectrum policy - 1% - 4
spectrumpolicy.org - domains,spectrumpolicy.org - 51% - 57,new america foundation - 11% - 12,11 benefits to hiring a quality house cleaning services - 5% - 5,new america foundation: spectrum policy - 4% - 4,wireless future program - 4% - 4,www.spectrumpolicy.org - 4% - 4,http://www.spectrumpolicy.org - 3% - 3,http://www.spectrumpolicy.org/ - 2% - 2,wireless future program) ‚Äì moderator - 2% - 2,https://www.spectrumpolicy.org/hiring-house-cleaning-services/index.html - 2% - 2
techymoon.com - backlinks,https://techymoon.com/ - 19% - 1488,details - 19% - 1472,movierulz 18 plus the ultimate guide to streaming adult content safely movierulz 18 plus the ultimate guide to streaming adult content safely - 6% - 450,https://techymoon.com - 5% - 386,nan - 4% - 317,"movierulz website and app download new telugu, hindi and malayalam movies is it safe? - 4% - 295",http://techymoon.com/ - 4% - 289,https://www.techymoon.com/ - 4% - 284,"movierulz website and app download new telugu, hindi and malayalam movierulz website and app download new telugu, hindi and malayalam - 3% - 219",techymoon.com - 2% - 183
techymoon.com - domains,https://techymoon.com/ - 45% - 986,details - 16% - 348,https://techymoon.com - 15% - 327,http://techymoon.com/ - 13% - 289,https://www.techymoon.com/ - 13% - 281,nan - 7% - 146,techymoon.com - 5% - 109,movierulz 18 plus the ultimate guide to streaming adult content safely movierulz 18 plus the ultimate guide to streaming adult content safely - 5% - 103,"movierulz website and app download new telugu, hindi and malayalam movierulz website and app download new telugu, hindi and malayalam - 4% - 91","movierulz website and app download new telugu, hindi and malayalam - 4% - 87"
thecaptainscorner.com - backlinks,thecaptainscorner.com - 30% - 87,the captain's corner - ken eller's website - 24% - 68,the captain's corner - 7% - 20,the captain‚Äôs corner - 5% - 15,www.thecaptainscorner.com - 3% - 10,ken eller - 3% - 8,nan - 2% - 7,captain's corner - 2% - 6,http://thecaptainscorner.com/audio/usaf1.mp3 - 1% - 4,[+] - 1% - 4
thecaptainscorner.com - domains,thecaptainscorner.com - 43% - 58,the captain's corner - ken eller's website - 18% - 24,the captain's corner - 8% - 11,www.thecaptainscorner.com - 4% - 5,ken eller - 3% - 4,captain's corner - 2% - 3,nan - 2% - 3,the captain - 2% - 3,"ken eller's ""the captain's corner"" - 1% - 2",kingstown scottish pipe band - 1% - 2
theconversionlift.com - backlinks,theconversionlift.com - 54% - 439,10 google shopping custom labels that will drive more sales ... - 7% - 61,links for theconversionlift.com telegram @happygrannypies - 7% - 56,how to install google analytics in 2021 - 4% - 29,how to calculate customer lifetime value with excel & google analytics - conversionlift - 2% - 15,nan - 2% - 13,7 best influencer marketing tools 2022 - the conversion lift - 2% - 13,theconversionlift - 1% - 10,how to install google analytics 2020. - 1% - 8,using facebook pixel events to track conversions - conversion lift - 1% - 7
theconversionlift.com - domains,theconversionlift.com - 62% - 274,10 google shopping custom labels that will drive more sales ... - 8% - 37,links for theconversionlift.com telegram @happygrannypies - 6% - 27,7 best influencer marketing tools 2022 - the conversion lift - 2% - 10,how to calculate customer lifetime value with excel & google analytics - conversionlift - 2% - 7,theconversionlift - 1% - 6,using facebook pixel events to track conversions - conversion lift - 1% - 6,the definitive guide to google ads conversion tracking - conversionlift - 1% - 5,beginners' guide to google tag manager - conversion lift - 1% - 5,nan - 1% - 4
thegsmission.org - backlinks,thegsmission.org - 31% - 51,internet thegsmission.org - 21% - 34,good shepherd mission - 15% - 24,visit website - 4% - 6,nan - 2% - 4,website - 2% - 4,good shepard mission - 2% - 4,good shepherd mission food pantry - 2% - 3,here - 1% - 2,thegsmission.org/ - 1% - 2
thegsmission.org - domains,thegsmission.org - 47% - 47,good shepherd mission - 13% - 13,internet thegsmission.org - 10% - 10,website - 4% - 4,nan - 3% - 3,visit website - 3% - 3,good shepherd mission food pantry - 2% - 2,here - 2% - 2,thegsmission.org/ - 2% - 2,www.thegsmission.org - 2% - 2
thinkbilingual.org - backlinks,austin - 50% - 248,thinkbilingual.org - 10% - 50,more info - 6% - 28,http://austin.thinkbilingual.org/events/ - 3% - 17,nan - 3% - 16,think bilingual - 2% - 8,austin.thinkbilingual - 2% - 8,think bilingual austin - 1% - 7,atx think bilingual fair - 1% - 4,thinkbilingual - 1% - 4
thinkbilingual.org - domains,thinkbilingual.org - 32% - 48,nan - 7% - 10,austin.thinkbilingual - 5% - 8,think bilingual - 4% - 6,think bilingual austin - 3% - 5,dual language programs explained | think bilingual - 3% - 4,bilinguals: the talented workforce for the 21st century - 2% - 3,thinkbilingual - 1% - 2,rethinking steam and bilingual education - 1% - 2,"raising a bilingual child: fears, myths, and the importance of the mother tongue - 1% - 2"
tidyfavorites.com - backlinks,http://www.tidyfavorites.com/ - 16% - 188,lost bookmarks in firefox - 11% - 136,tidy favorites - 6% - 77,tidyfavorites.com - 6% - 76,tidyfavorites - 6% - 71,how to export bookmarks from mozilla firefox to internet explorer? - 5% - 64,654733. tidyfavorites.com - 5% - 62,chrome bookmarks - 4% - 47,http://www.tidyfavorites.com/tidyfavorites_setup_freeware.exe - 4% - 45,nan - 3% - 34
tidyfavorites.com - domains,tidyfavorites.com - 15% - 65,tidyfavorites - 15% - 64,tidy favorites - 9% - 40,654733. tidyfavorites.com - 9% - 40,http://www.tidyfavorites.com/ - 8% - 34,http://www.tidyfavorites.com/tidyfavorites_setup_freeware.exe - 5% - 22,ordinarysoft - 4% - 18,lost bookmarks in firefox - 4% - 18,nan - 4% - 15,chrome bookmarks - 3% - 13
tinymos.com - backlinks,tiny1 astronomy camera - 46% - 686,tinymos - 11% - 169,get - 6% - 93,tinymos.com - 6% - 83,website url - 5% - 69,tiny1 - 3% - 45,hairdresser on fire - 3% - 41,girona - ch√∫ ng·ª±a √¥ hay m·ªôt ·ª©ng c·ª≠ vi√™n v√¥ ƒë·ªãch? man city s·∫Ω ch∆°i ra sao v·ªõi s·ª± tr·ªü l·∫°i c·ªßa ch√¢n chuy·ªÅn s·ªë 1? - 2% - 27,http://tinymos.com/tiny1-launch-indiegogo/ - 1% - 18,nano1 - 1% - 17
tinymos.com - domains,tinymos - 28% - 88,tinymos.com - 23% - 72,get - 10% - 30,hairdresser on fire - 8% - 26,girona - ch√∫ ng·ª±a √¥ hay m·ªôt ·ª©ng c·ª≠ vi√™n v√¥ ƒë·ªãch? man city s·∫Ω ch∆°i ra sao v·ªõi s·ª± tr·ªü l·∫°i c·ªßa ch√¢n chuy·ªÅn s·ªë 1? - 5% - 16,tiny1 - 4% - 12,nano1 - 3% - 9,website - 3% - 9,http://tinymos.com/ - 2% - 7,http://tinymos.com - 2% - 7
utilityzerowaste.com - backlinks,utilityzerowaste.com - 25% - 74,hand brush and dust pan set‚Äì utility refill & reuse - 14% - 40,utilityzerowaste - 10% - 30,utility - 7% - 21,utility zero waste - 7% - 21,"low waste lint brush, exclusively at utility | portland's refill shop‚Äì utility refill & reuse - 3% - 9",zero-waste pop-ups - 2% - 5,utility refill and reuse - 2% - 5,natural vegetable brush‚Äì utility refill & reuse - 2% - 5,pop-up - 1% - 4
utilityzerowaste.com - domains,utilityzerowaste.com - 33% - 62,utilityzerowaste - 14% - 27,hand brush and dust pan set‚Äì utility refill & reuse - 12% - 22,utility zero waste - 5% - 10,zero-waste pop-ups - 3% - 5,utility refill and reuse - 3% - 5,"low waste lint brush, exclusively at utility | portland's refill shop‚Äì utility refill & reuse - 3% - 5",natural vegetable brush‚Äì utility refill & reuse - 3% - 5,utility - 2% - 4,"low waste dish soap bar, exclusively at utility | portland's refill‚Äì utility refill & reuse - 2% - 3"
wearedonation.com - backlinks,wearedonation - 20% - 284,do nation - 11% - 156,wearedonation.com - 6% - 82,we are do nation - 4% - 54,nan - 3% - 39,website - 2% - 25,st albans climate action network - 2% - 25,the donation - 2% - 24,donation - 2% - 24,www.wearedonation.com - 1% - 20
wearedonation.com - domains,do nation - 20% - 93,wearedonation.com - 15% - 69,wearedonation - 12% - 56,donation - 4% - 19,www.wearedonation.com - 3% - 16,nan - 3% - 15,website - 3% - 12,the donation - 2% - 11,here - 2% - 10,https://www.wearedonation.com/ - 2% - 9
youtoocancook.net - backlinks,you too can cook - 12% - 1196,youtoocancookindianfoodrecipes - 10% - 969,orange jelly using agar agar | orange jelly | orange jelly using fresh orange | china grass jelly using fresh fruit juice - 1% - 146,agar agar jelly | rose pudding | agar agar rose jelly | china grass rose jelly | eggless rose pudding | valentine's day recipes - 1% - 133,mango agar agar pudding | mango jelly using agar agar | eggless mango pudding | mango pudding using china grass - 1% - 125,coffee jelly using agar agar | agar agar coffee jelly | coffee jelly without gelatin | coffee jelly using china grass - 1% - 107,muttai masala | egg masala | boiled egg coconut masala | side dish for biryani | egg masala for chapati | avitha muttai masala - 1% - 106,vivika | sweet raw rice idlis | pacharisi idli | south indian christmas recipes | steamed rice flour cake - 1% - 95,you too can cook indian food‚Ä¶ - 1% - 92,exotic chicken meatballs in sweet & spicy sauce | chicken meatballs stuffed with nuts & raisins | noodles with chicken meatballs | christmas dinner recipes - 1% - 90
youtoocancook.net - domains,you too can cook indian food recipes - 20% - 20,nan - 10% - 10,you too can cook - 10% - 10,youtoocancook.net - 9% - 9,-you too can cook indian food recipes - 8% - 8,inviting you to join in the south vs north challenge - learn regional indian recipes - 7% - 7,youtoocancook.net ; opens a new tab - 6% - 6,pink payasam | beetroot payasam | pink kheer | easy payasam recipe - 5% - 5,divya - 5% - 5,inviting you to join in the south vs north challenge ‚Äì learn regional indian recipes - 5% - 5
