Name,Expiry
tirnanogbaltimore.com,2025-05-13
sanbrunochamber.com,2025-05-13
fcacampus101.com,2025-05-13
suzyred.com,2025-05-13
denniscardoza.com,2025-05-13
vibedeck.com,2025-05-13
free1040taxreturn.com,2025-05-13
hybridredneck.com,2025-05-13
igonc.com,2025-05-13
historicdowntownstuart.com,2025-05-13
captains-quarters.com,2025-05-13
goblen.biz,2025-05-13
thelightinhereyesmovie.com,2025-05-13
excemed.org,2025-05-13
elementsofaliel.com,2025-05-13
lokalartisanfoods.com,2025-05-13
ozioma.net,2025-05-13
tibbsbrewing.com,2025-05-13
confectionatecakes.com,2025-05-13
texaspollinatorpowwow.org,2025-05-13
offrampgallery.com,2025-05-13
hawgwild-bbq.com,2025-05-13
directcommercemagazine.com,2025-05-13
etnapastryshop.com,2025-05-13
theveghub.com,2025-05-13
carbonandmore.com,2025-05-13
riverbendwhitetails.com,2025-05-13
coloradosierraclub.org,2025-05-13
walking-trails.net,2025-05-13
seleradunia-saba.com,2025-05-13
cbdkyro.com,2025-05-13
wbars.org,2025-05-13
100bogart.com,2025-05-13
hexapixel.com,2025-05-13
a-tayar.com,2025-05-13
networthprofile.com,2025-05-13
theacademynewyork.com,2025-05-13
sanjosesabercats.com,2025-05-13
nevermindnirvanatribute.com,2025-05-13
nextlinks.com,2025-05-13
vinciturismo.com,2025-05-13
cannonhillpeoplespark.net,2025-05-13
inpraiseofleftovers.com,2025-05-13
yorkanaborough.com,2025-05-13
woodysseafood.com,2025-05-13
bighairnocare.com,2025-05-13
getsitekit.com,2025-05-13
garispaksi.org,2025-05-13
thepolkadotposie.com,2025-05-13
telegrambots.org,2025-05-13
umdpc.com,2025-05-13
oxcartalehouse.com,2025-05-13
wallyschirra.com,2025-05-13
nationalyemen.com,2025-05-13
kinemasterforpcdownload.com,2025-05-13
undisclosed.cc,2025-05-13
loritharps.com,2025-05-13
addisonbulosan.com,2025-05-13
vandeweerdre.com,2025-05-13
sprintenduro.com,2025-05-13
lightpaintingblog.com,2025-05-13
dextersorlando.com,2025-05-13
zoemob.com,2025-05-13
dumbwaystodiegame.com,2025-05-13
namastenourished.com,2025-05-13
timbedley.com,2025-05-13
bonavita.co,2025-05-13
cis-legal-reform.org,2025-05-13
scarlettrosedesigns.com,2025-05-13
cloudcartconnector.com,2025-05-13
green360careers.net,2025-05-13
socialmediaisbullshit.com,2025-05-13
gosnapcheck.com,2025-05-13
codeconnector.io,2025-05-13
burlesonllp.com,2025-05-13
khediwy.com,2025-05-13
2bparent.com,2025-05-13
electricblockaloo.com,2025-05-13
sullivancounty-pa.org,2025-05-13
saudi-us-relations.org,2025-05-13
fandaily.info,2025-05-13
stc-access.org,2025-05-13
perfect-valve.com,2025-05-13
inren.net,2025-05-13
nanmuxuan.com,2025-05-13
sonoranweeklyreview.com,2025-05-13
stlmetromarket.com,2025-05-13
livecandlelit.com,2025-05-13
behaviouraldesignlab.org,2025-05-13
itcrunchy.com,2025-05-13
entercools.com,2025-05-13
ijmm.org,2025-05-13
tysams.com,2025-05-13
wwresumes.com,2025-05-13
mygaragestory.net,2025-05-13
carefullynews.com,2025-05-13
despacito-lyrics.com,2025-05-13
kursru.com,2025-05-13
orthopadie-berlin.com,2025-05-13
victoryfilmgroup.com,2025-05-13
kakaostats.com,2025-05-13
centralcoastdeals.com,2025-05-13
edwardmoon.com,2025-05-13
network-admin.net,2025-05-13
thepetprofessor.com,2025-05-13
cedarcreekpilot.com,2025-05-13
commonconstitutionalist.com,2025-05-13
hannahrosegraves.net,2025-05-13
fightforschools.com,2025-05-13
voncre.com,2025-05-13
campacampaign.com,2025-05-13
slugwife.com,2025-05-13
popagriculture.com,2025-05-13
kentuckyartisancenter.com,2025-05-13
signaltodaki.com,2025-05-13
sevillasoft.com,2025-05-13
davieandchiyo.com,2025-05-13
bsoss.org,2025-05-13
lucilleballlittletheatre.org,2025-05-13
cleanberetshousecleaning.com,2025-05-13
jthorsson.com,2025-05-13
cottageinnandspa.com,2025-05-13
99haldwaniproperties.com,2025-05-13
system-log.com,2025-05-13
sunrise-nyc.org,2025-05-13
virtualartbookfair.com,2025-05-13
wemustcount.org,2025-05-13
trurobrewing.com,2025-05-13
hardgainerbodybuilding.com,2025-05-13
wbseatery.com,2025-05-13
earnestbarandhideaway.com,2025-05-13
thoughtsincomputation.com,2025-05-13
themashinn.com,2025-05-13
chrisklimek.com,2025-05-13
fafa678thb.com,2025-05-13
reichholdcenter.com,2025-05-13
