Name,Price
positiveinvest.org,255
saveourfaves.org,1050
dawave.com,880
bodieontheroad.com,155
mysmallwall.com,2080
profilecritics.com,898
handcraftingwithlove.net,205
wrc-gh.org,355
forthebenefitofallbeings.com,260
visualizeyourlearning.com,205
converticulture.com,1
socialwod.com,1
learningdevelopmentconference.com,150
mybloggingthing.com,255
joyofenjoy.com,315
accidentaltheologist.com,2560
asyoustay.com,1311
absolutelyneedlepoint.com,164
workingminds.org,620
ltmedia.org,325
squareorganics.com,1075
mikescourtside.com,2638
eaze.net,585
vetgrad.com,580
equityatthetable.com,8008
re-bin.com,195
affirmativhealth.com,103
thinkrelay.com,1100
eatnudge.com,1281
statehousepresents.com,1875
wizardrecipes.com,860
enjoyceres.com,105
ldvice.com,105
blessingsonstate.com,2650
gimbowl.com,160
educaching.com,355
ideasworthteachingawards.com,2075
biteofhealthnutrition.com,65
theseomarketingcompany.com,
mytechletter.com,
madnessmusepress.com,
community-of-joy.org,
godblessrareform.com,
actonadream.org,
office-archive.com,
residential-homes.net,
directcommercemagazine.com,
carbonandmore.com,
theveghub.com,
letmedia.org,
lvdive.com,
righttorecovery.org,
letzdesign.com,
frostlab.org,
itrunsinmyfamily.com,
modularhomeplace.com,
plantbelly.com,
requitedjournal.com,
oppforyouth.org,
hubdesignsmagazine.com,
altconservative.com, 