Name,Expiry,Suitability
lidopalace.com,26/05/2025,1
carson-mccullers.com,26/05/2025,1
animalbehaviorcounselors.org,26/05/2025,1
easydestination.net,26/05/2025,
friscofried.biz,26/05/2025,
nihongoup.com,26/05/2025,
portedwardswi.com,26/05/2025,1
androidopentutorials.com,26/05/2025,1
forestrycenter.org,26/05/2025,
biteofhealthnutrition.com,26/05/2025,
lessmeatlessheat.org,26/05/2025,
elestragonvegetariano.com,26/05/2025,1
englishfarmsteadcheese.com,26/05/2025,1
huami-usa.com,26/05/2025,1
ladiesofthelake.com,26/05/2025,
pathwaystohope.net,26/05/2025,
areyouunlockable.com,26/05/2025,
focusbookstore.com,26/05/2025,1
nlsacpc.com,26/05/2025,1
thecozycoffee.com,26/05/2025,
renopaintingco.com,26/05/2025,1
get-mobdrovip.com,26/05/2025,1
largsvikingfestival.org,26/05/2025,1
goveggiefoods.com,26/05/2025,
mivanova.com,26/05/2025,1
perrypaints.com,26/05/2025,1
ylondagault.com,26/05/2025,1
unscramblenow.com,26/05/2025,
almostontimesf.com,26/05/2025,
aroraias.com,26/05/2025,1
guideyourpet.com,26/05/2025,1
worldofcomictown.com,26/05/2025,1
cereuspdx.com,26/05/2025,1
weareperfectstrangers.org,26/05/2025,
ggplot2-exts.org,26/05/2025,1
techreviewteam.com,26/05/2025,1
boomerbuyerguides.com,26/05/2025,1
pancella.com,26/05/2025,1
joyfullgames.com,26/05/2025,
winnershtriangle.com,26/05/2025,
tshirtswale.com,26/05/2025,1
simplyorderly.com,26/05/2025,
healthyoceanscoalition.org,26/05/2025,1
coronashowcase.org,26/05/2025,1
olfactorlabs.com,26/05/2025,1
programmersportal.com,26/05/2025,1
indymedia.com,26/05/2025,1
bullardnews.com,26/05/2025,1
frameworkcycles.com,26/05/2025,
reviewsapex.com,26/05/2025,1
gisdatadepot.com,26/05/2025,1
dmpva.com,26/05/2025,
88tc88.com,26/05/2025,1
amapoficeandfire.com,26/05/2025,1
lyfebotanicals.com,26/05/2025,
lovethepoem.com,26/05/2025,1
emarketplacedirect.com,26/05/2025,1
usa-latestnews.com,26/05/2025,1
davinadiaries.com,26/05/2025,
themodernnursery.com,26/05/2025,
freecouponsaz.com,26/05/2025,1
azekel.com,26/05/2025,1
idairco.com,26/05/2025,1
saintpeband.com,26/05/2025,1
weareiguacu.com,26/05/2025,1
cineafrica.net,26/05/2025,1
thepeloponneseguide.com,26/05/2025,1
boazchamberofcommerce.com,26/05/2025,1
thefarmofbeverlyhills.com,26/05/2025,1
bringingpaback.com,26/05/2025,
availassignmenthelp.com,26/05/2025,1
victoria-duncan.com,26/05/2025,1
usmaclinic.com,26/05/2025,1
nubblelightchallenge.org,26/05/2025,1
new-wave.com,26/05/2025,
gallupippi.com,26/05/2025,1
hardhattedwoman.com,26/05/2025,
thisisluckyme.com,26/05/2025,
ruffhousestudios.com,26/05/2025,1
seychellesweekly.com,26/05/2025,1
christopherdavidwhite.com,26/05/2025,1
mommydaddyblog.com,26/05/2025,
hometheaterfocus.com,26/05/2025,1
anitawoodley.com,26/05/2025,1
absinthelounge.net,26/05/2025,1
performance-appraisal.com,26/05/2025,
drupaled.org,26/05/2025,1
bestofpicture.com,26/05/2025,
ctscast.com,26/05/2025,1
nasu-outsidebase.com,26/05/2025,1
guilleisa.com,26/05/2025,1
fermentedlychallenged.com,26/05/2025,
theurgetohelp.com,26/05/2025,
brazenwoman.com,26/05/2025,1
sv3power.com,26/05/2025,1
civiltwilightcollective.com,26/05/2025,1
sarissaresources.com,26/05/2025,1
modycore.com,26/05/2025,1
umax-europe.com,26/05/2025,1
