Domain name,Everything backlinks,Everything domains,Quality backlinks,Quality domains
akaycentric.com-backlinks,135,133,9,9
carefirstanswers.com-backlinks,2924,2612,54,54
easybakeweblogs.com-backlinks,2364,2168,16,16
epagecreator.net-backlinks,2272,1343,17,17
intellectbase.org-backlinks,621,596,30,30
noangels.net-backlinks,246,221,18,18
secretsonsanddaughters.org-backlinks,274,225,7,7
sportimports.com-backlinks,171,168,2,2
statehousepresents.com-backlinks,434,412,21,21
swflresourcelink.com-backlinks,8941,8461,21,21
trapdoorinc.com-backlinks,963,715,41,41
witnessapt.com-backlinks,1995,1971,17,17
wizardrecipes.com-backlinks,1871,1711,30,30
